id,source,target,type,source_type,target_type
5211,4416,5017,place of composition of,Place,Work
5212,4436,5023,place of composition of,Place,Work
5213,4428,5168,place of composition of,Place,Work
5214,4409,5175,place of composition of,Place,Work
5215,4526,5186,place of composition of,Place,Work
5216,4390,5205,place of composition of,Place,Work
5217,4404,5220,place of composition of,Place,Work
5218,4419,5240,place of composition of,Place,Work
5219,4461,5291,place of composition of,Place,Work
5220,4409,5291,place of composition of,Place,Work
5221,4567,5248,place of composition of,Place,Work
5222,4386,5248,place of composition of,Place,Work
5223,4416,5248,place of composition of,Place,Work
5224,4452,5040,place of composition of,Place,Work
5225,4481,5285,place of composition of,Place,Work
5226,4422,5284,place of composition of,Place,Work
5227,4422,5286,place of composition of,Place,Work
5228,4505,5380,place of composition of,Place,Work
5229,4450,5381,place of composition of,Place,Work
5230,4422,5392,place of composition of,Place,Work
5231,4404,5393,place of composition of,Place,Work
5232,4430,5396,place of composition of,Place,Work
5233,4400,5398,place of composition of,Place,Work
5234,4563,5400,place of composition of,Place,Work
5235,4430,5402,place of composition of,Place,Work
5236,4465,5401,place of composition of,Place,Work
5237,4422,5408,place of composition of,Place,Work
5238,4405,5415,place of composition of,Place,Work
5239,4560,5416,place of composition of,Place,Work
5240,4560,5420,place of composition of,Place,Work
5241,4460,5461,place of composition of,Place,Work
5242,4410,5463,place of composition of,Place,Work
5243,4544,5467,place of composition of,Place,Work
5244,4544,5468,place of composition of,Place,Work
5245,4459,5469,place mentioned in,Place,Work
5246,4675,5374,place of composition of,Place,Work
5247,4459,5475,place of composition of,Place,Work
5248,4563,5398,place of composition of,Place,Work
5249,4459,5482,place of composition of,Place,Work
5250,4519,5511,place of composition of,Place,Work
5251,4560,5607,place of composition of,Place,Work
5252,4415,5825,place of composition of,Place,Work
5253,4560,5947,place of composition of,Place,Work
5254,4457,6052,place of composition of,Place,Work
5255,4737,6475,place of composition of,Place,Work
5256,4832,6724,place of composition of,Place,Work
5257,4430,6912,place of composition of,Place,Work
5258,4483,6915,place of composition of,Place,Work
5259,4449,7382,place of copy of,Place,Expression
5260,4449,7408,place of copy of,Place,Expression
5261,4560,7408,place of copy of,Place,Expression
5262,4405,7419,place of copy of,Place,Expression
5263,4427,7454,place of copy of,Place,Expression
5264,4561,7455,place of copy of,Place,Expression
5265,4427,7466,place of copy of,Place,Expression
5266,4569,7486,place of copy of,Place,Expression
5267,4528,7495,place of copy of,Place,Expression
5268,4409,7520,place of copy of,Place,Expression
5269,4427,7529,place of copy of,Place,Expression
5270,4410,7536,place of copy of,Place,Expression
5271,4383,7566,place of copy of,Place,Expression
5272,4612,7575,place of copy of,Place,Expression
5273,4616,7589,place of copy of,Place,Expression
5274,4393,7591,place of copy of,Place,Expression
5275,4404,7596,place of copy of,Place,Expression
5276,4618,7600,place of copy of,Place,Expression
5277,4468,7627,place of copy of,Place,Expression
5278,4563,7628,place of copy of,Place,Expression
5279,4427,7629,place of copy of,Place,Expression
5280,4427,7638,place of copy of,Place,Expression
5281,4422,7643,place of copy of,Place,Expression
5282,4519,7645,place of copy of,Place,Expression
5283,4393,7649,place of copy of,Place,Expression
5284,4404,7652,place of copy of,Place,Expression
5285,4404,7653,place of copy of,Place,Expression
5286,4404,7654,place of copy of,Place,Expression
5287,4404,7655,place of copy of,Place,Expression
5288,4406,7656,place of copy of,Place,Expression
5289,4563,7657,place of copy of,Place,Expression
5290,4560,7658,place of copy of,Place,Expression
5291,4541,7665,place of copy of,Place,Expression
5292,4541,7666,place of copy of,Place,Expression
5293,4406,7671,place of copy of,Place,Expression
5294,4388,7696,place of copy of,Place,Expression
5295,4560,7703,place of copy of,Place,Expression
5296,4477,7709,place of copy of,Place,Expression
5297,4465,7710,place of copy of,Place,Expression
5298,4544,7729,place of copy of,Place,Expression
5299,4734,7801,place of copy of,Place,Expression
5300,4742,7821,place of copy of,Place,Expression
5301,4560,7917,place of copy of,Place,Expression
5302,4422,7922,place of copy of,Place,Expression
5303,4398,8322,place of copy of,Place,Expression
5304,4703,8464,place of copy of,Place,Expression
5305,4724,8465,place of copy of,Place,Expression
5306,4383,8500,place of copy of,Place,Expression
5307,4391,8500,place of copy of,Place,Expression
5308,4554,8505,place of copy of,Place,Expression
5309,4541,8507,place of copy of,Place,Expression
5310,4541,8536,place of copy of,Place,Expression
5311,4541,8537,place of copy of,Place,Expression
5312,4390,8541,place of copy of,Place,Expression
5313,4419,8546,place of copy of,Place,Expression
5314,4383,8549,place of copy of,Place,Expression
5315,4383,8552,place of copy of,Place,Expression
5316,4428,8575,place of copy of,Place,Expression
5317,4419,8577,place of copy of,Place,Expression
5318,4560,8582,place of copy of,Place,Expression
5319,4413,8584,place of copy of,Place,Expression
5320,4560,8584,place of copy of,Place,Expression
5321,4413,8484,place of copy of,Place,Expression
5322,4560,8484,place of copy of,Place,Expression
5323,4413,8585,place of copy of,Place,Expression
5324,4389,8587,place of copy of,Place,Expression
5325,4419,8588,place of copy of,Place,Expression
5326,4560,8589,place of copy of,Place,Expression
5327,4390,8593,place of copy of,Place,Expression
5328,4419,8596,place of copy of,Place,Expression
5329,4419,8597,place of copy of,Place,Expression
5330,4419,8598,place of copy of,Place,Expression
5331,4390,8630,place of copy of,Place,Expression
5332,4462,8632,place of copy of,Place,Expression
5333,4461,8634,place of copy of,Place,Expression
5334,4461,8635,place of copy of,Place,Expression
5335,4426,8639,place of copy of,Place,Expression
5336,4411,8646,place of copy of,Place,Expression
5337,4406,8648,place of copy of,Place,Expression
5338,4449,8648,place of copy of,Place,Expression
5339,4661,8686,place of copy of,Place,Expression
5340,4383,8687,place of copy of,Place,Expression
5341,4391,8687,place of copy of,Place,Expression
5342,4383,8689,place of copy of,Place,Expression
5343,4383,8695,place of copy of,Place,Expression
5344,4383,8696,place of copy of,Place,Expression
5345,4383,8697,place of copy of,Place,Expression
5346,4383,8698,place of copy of,Place,Expression
5347,4383,8699,place of copy of,Place,Expression
5348,4438,8720,place of copy of,Place,Expression
5349,4383,8722,place of copy of,Place,Expression
5350,4457,8726,place of copy of,Place,Expression
5351,4627,8727,place of copy of,Place,Expression
5352,4383,8737,place of copy of,Place,Expression
5353,4383,8738,place of copy of,Place,Expression
5354,4646,8742,place of copy of,Place,Expression
5355,4646,8743,place of copy of,Place,Expression
5356,4646,8744,place of copy of,Place,Expression
5357,4383,8750,place of copy of,Place,Expression
5358,4419,8756,place of copy of,Place,Expression
5359,4560,8758,place of copy of,Place,Expression
5360,4383,8761,place of copy of,Place,Expression
5361,4419,8762,place of copy of,Place,Expression
5362,4560,8764,place of copy of,Place,Expression
5363,4646,8765,place of copy of,Place,Expression
5364,4646,8766,place of copy of,Place,Expression
5365,4560,8771,place of copy of,Place,Expression
5366,4383,8773,place of copy of,Place,Expression
5367,4383,8775,place of copy of,Place,Expression
5368,4383,8784,place of copy of,Place,Expression
5369,4383,8791,place of copy of,Place,Expression
5370,4560,8794,place of copy of,Place,Expression
5371,4419,8797,place of copy of,Place,Expression
5372,4560,8799,place of copy of,Place,Expression
5373,4560,8800,place of copy of,Place,Expression
5374,4560,8801,place of copy of,Place,Expression
5375,4560,8802,place of copy of,Place,Expression
5376,4560,8803,place of copy of,Place,Expression
5377,4560,8804,place of copy of,Place,Expression
5378,4560,8805,place of copy of,Place,Expression
5379,4560,8814,place of copy of,Place,Expression
5380,4560,8818,place of copy of,Place,Expression
5381,4646,8827,place of copy of,Place,Expression
5382,4878,8833,place of copy of,Place,Expression
5383,4646,8837,place of copy of,Place,Expression
5384,4390,8845,place of copy of,Place,Expression
5385,4560,8846,place of copy of,Place,Expression
5386,4383,8886,place of copy of,Place,Expression
5387,4560,8889,place of copy of,Place,Expression
5388,4560,8890,place of copy of,Place,Expression
5389,4560,8891,place of copy of,Place,Expression
5390,4560,8892,place of copy of,Place,Expression
5391,4560,8893,place of copy of,Place,Expression
5392,4880,8901,place of copy of,Place,Expression
5393,4880,8902,place of copy of,Place,Expression
5394,4656,8905,place of copy of,Place,Expression
5395,4615,8912,place of copy of,Place,Expression
5396,4560,8924,place of copy of,Place,Expression
5397,4383,8928,place of copy of,Place,Expression
5398,4383,8929,place of copy of,Place,Expression
5399,4389,9010,place of copy of,Place,Expression
5400,4389,9011,place of copy of,Place,Expression
5401,4413,9107,place of copy of,Place,Expression
5402,4419,8506,place of copy of,Place,Expression
5403,4411,8899,place of copy of,Place,Expression
5404,4430,8555,place of copy of,Place,Expression
5405,4560,9333,place of copy of,Place,Expression
5406,4560,9334,place of copy of,Place,Expression
5407,4649,9335,place of copy of,Place,Expression
5408,4419,9335,place of copy of,Place,Expression
5409,4419,9336,place of copy of,Place,Expression
5410,4908,9530,place of copy of,Place,Expression
5411,4900,9653,place of copy of,Place,Expression
5412,4419,9674,place of copy of,Place,Expression
5413,4505,9681,place of copy of,Place,Expression
5414,4422,9682,place of copy of,Place,Expression
5415,4913,9696,place of copy of,Place,Expression
5416,4560,9700,place of copy of,Place,Expression
5417,4462,9705,place of copy of,Place,Expression
5418,4416,9724,place of copy of,Place,Expression
5419,4416,9725,place of copy of,Place,Expression
5420,4416,9726,place of copy of,Place,Expression
5421,4915,9729,place of copy of,Place,Expression
5422,4915,9731,place of copy of,Place,Expression
5423,4606,9732,place of copy of,Place,Expression
5424,4589,9733,place of copy of,Place,Expression
5425,4589,9734,place of copy of,Place,Expression
5426,4589,9735,place of copy of,Place,Expression
5427,4589,9736,place of copy of,Place,Expression
5428,4467,9738,place of copy of,Place,Expression
5429,4427,9753,place of copy of,Place,Expression
5430,4464,9754,place of copy of,Place,Expression
5431,4430,9756,place of copy of,Place,Expression
5432,4419,9781,place of copy of,Place,Expression
5433,4404,9782,place of copy of,Place,Expression
5434,4915,9793,place of copy of,Place,Expression
5435,4430,9799,place of copy of,Place,Expression
5436,4814,9800,place of copy of,Place,Expression
5437,4814,9801,place of copy of,Place,Expression
5438,4918,9835,place of copy of,Place,Expression
5439,4814,9839,place of copy of,Place,Expression
5440,4383,9846,place of copy of,Place,Expression
5441,4477,9847,place of copy of,Place,Expression
5442,4404,9849,place of copy of,Place,Expression
5443,4814,9852,place of copy of,Place,Expression
5444,4907,9858,place of copy of,Place,Expression
5445,4898,9863,place of copy of,Place,Expression
5446,4876,9864,place of copy of,Place,Expression
5447,4876,9865,place of copy of,Place,Expression
5448,4388,9892,place of copy of,Place,Expression
5449,4919,9900,place of copy of,Place,Expression
5450,4404,9901,place of copy of,Place,Expression
5451,4410,9918,place of copy of,Place,Expression
5452,4464,9931,place of copy of,Place,Expression
5453,4410,9939,place of copy of,Place,Expression
5454,4560,9981,place of copy of,Place,Expression
5455,4464,9986,place of copy of,Place,Expression
5456,4593,9986,place of copy of,Place,Expression
5457,4560,9987,place of copy of,Place,Expression
5458,4419,9991,place of copy of,Place,Expression
5459,4404,9998,place of copy of,Place,Expression
5460,4922,9999,place of copy of,Place,Expression
5461,4922,10000,place of copy of,Place,Expression
5462,4922,10001,place of copy of,Place,Expression
5463,4404,10009,place of copy of,Place,Expression
5464,4419,10021,place of copy of,Place,Expression
5465,4430,10035,place of copy of,Place,Expression
5466,4430,10037,place of copy of,Place,Expression
5467,4390,10052,place of copy of,Place,Expression
5468,4390,10053,place of copy of,Place,Expression
5469,4561,10072,place of copy of,Place,Expression
5470,4404,10104,place of copy of,Place,Expression
5471,4667,10114,place of copy of,Place,Expression
5472,4561,10117,place of copy of,Place,Expression
5473,4925,10118,place of copy of,Place,Expression
5474,4398,10122,place of copy of,Place,Expression
5475,4404,10124,place of copy of,Place,Expression
5476,4410,10125,place of copy of,Place,Expression
5477,4410,10129,place of copy of,Place,Expression
5478,4410,10130,place of copy of,Place,Expression
5479,4410,10131,place of copy of,Place,Expression
5480,4409,10151,place of copy of,Place,Expression
5481,4582,10180,place of copy of,Place,Expression
5482,4582,10181,place of copy of,Place,Expression
5483,4430,10215,place of copy of,Place,Expression
5484,4927,10220,place of copy of,Place,Expression
5485,4927,10221,place of copy of,Place,Expression
5486,4646,10224,place of copy of,Place,Expression
5487,4422,10226,place of copy of,Place,Expression
5488,4464,10258,place of copy of,Place,Expression
5489,4410,10260,place of copy of,Place,Expression
5490,4766,10263,place of copy of,Place,Expression
5491,4667,10275,place of copy of,Place,Expression
5492,4426,10283,place of copy of,Place,Expression
5493,4667,10294,place of copy of,Place,Expression
5494,4410,10302,place of copy of,Place,Expression
5495,4430,10334,place of copy of,Place,Expression
5975,10512,5220,contains copy of,Manuscript,Work
6207,10751,5398,contains copy of,Manuscript,Work
6225,10766,5415,contains copy of,Manuscript,Work
6782,11253,5402,contains copy of,Manuscript,Work
7135,11569,5401,contains copy of,Manuscript,Work
7423,11770,5398,contains copy of,Manuscript,Work
7513,11839,5248,contains copy of,Manuscript,Work
7514,11840,5248,contains copy of,Manuscript,Work
7517,11843,5248,contains copy of,Manuscript,Work
7518,11844,5248,contains copy of,Manuscript,Work
7687,11983,5374,contains copy of,Manuscript,Work
7718,12013,5482,contains copy of,Manuscript,Work
8076,12212,6724,contains copy of,Manuscript,Work
8306,12332,5374,contains copy of,Manuscript,Work
8351,12347,6912,contains copy of,Manuscript,Work
8585,12514,5398,contains copy of,Manuscript,Work
10912,10347,4404,copied in,Manuscript,Place
10913,10360,4427,bought in,Manuscript,Place
10914,10385,4422,copied in,Manuscript,Place
10915,10393,4427,copied in,Manuscript,Place
10917,10408,4422,copied in,Manuscript,Place
10918,10412,4422,copied in,Manuscript,Place
10919,10415,4390,copied in,Manuscript,Place
10920,10419,4463,copied in,Manuscript,Place
10921,10424,4390,copied in,Manuscript,Place
10922,10430,4449,copied in,Manuscript,Place
10923,10431,4449,copied in,Manuscript,Place
10924,10432,4502,copied in,Manuscript,Place
10925,10437,4427,copied in,Manuscript,Place
10926,10442,4422,copied in,Manuscript,Place
10927,10444,4427,copied in,Manuscript,Place
10928,10447,4422,bought in,Manuscript,Place
10929,10452,4505,copied in,Manuscript,Place
10930,10387,4468,copied in,Manuscript,Place
10931,10464,4427,copied in,Manuscript,Place
10932,10467,4518,copied in,Manuscript,Place
10933,10474,4427,bought in,Manuscript,Place
10934,10476,4427,bought in,Manuscript,Place
10935,10486,4405,copied in,Manuscript,Place
10936,10504,4541,copied in,Manuscript,Place
10937,10505,4427,copied in,Manuscript,Place
10938,10506,4468,copied in,Manuscript,Place
10939,10506,4422,copied in,Manuscript,Place
10940,10508,4427,copied in,Manuscript,Place
10941,10509,4483,copied in,Manuscript,Place
10942,10511,4427,copied in,Manuscript,Place
10943,10512,4561,copied in,Manuscript,Place
10944,10523,4427,copied in,Manuscript,Place
10945,10567,4528,copied in,Manuscript,Place
10946,10614,4409,copied in,Manuscript,Place
10947,10622,4427,copied in,Manuscript,Place
10948,10622,4464,bought in,Manuscript,Place
10949,10626,4410,copied in,Manuscript,Place
10950,10707,4616,copied in,Manuscript,Place
10951,10716,4404,copied in,Manuscript,Place
10952,10718,4618,copied in,Manuscript,Place
10953,10733,4554,copied in,Manuscript,Place
10954,10751,4427,bought in,Manuscript,Place
10955,10766,4644,bought in,Manuscript,Place
10956,10707,4616,copied in,Manuscript,Place
10957,10831,4724,copied in,Manuscript,Place
10958,10844,4729,copied in,Manuscript,Place
10959,10852,4733,copied in,Manuscript,Place
10960,10853,4568,copied in,Manuscript,Place
10961,10853,4606,copied in,Manuscript,Place
10962,10853,4544,copied in,Manuscript,Place
10963,10856,4398,copied in,Manuscript,Place
10964,10870,4741,copied in,Manuscript,Place
10965,10898,4452,copied in,Manuscript,Place
10966,10901,4466,copied in,Manuscript,Place
10967,10928,4426,copied in,Manuscript,Place
10968,10948,4406,copied in,Manuscript,Place
10969,10952,4666,copied in,Manuscript,Place
10970,10953,4762,copied in,Manuscript,Place
10971,10954,4410,copied in,Manuscript,Place
10972,10960,4763,copied in,Manuscript,Place
10973,10961,4766,copied in,Manuscript,Place
10974,10974,4588,copied in,Manuscript,Place
10975,10982,4769,copied in,Manuscript,Place
10976,10986,4627,copied in,Manuscript,Place
10977,10995,4770,copied in,Manuscript,Place
10978,11003,4771,copied in,Manuscript,Place
10979,11015,4737,copied in,Manuscript,Place
10980,11031,4404,copied in,Manuscript,Place
10981,11034,4779,copied in,Manuscript,Place
10982,11038,4780,copied in,Manuscript,Place
10983,11065,4781,copied in,Manuscript,Place
10984,11074,4404,copied in,Manuscript,Place
10985,11077,4410,copied in,Manuscript,Place
10986,11094,4544,copied in,Manuscript,Place
10987,11103,4782,copied in,Manuscript,Place
10988,11112,4783,copied in,Manuscript,Place
10989,11117,4419,copied in,Manuscript,Place
10990,11136,4398,copied in,Manuscript,Place
10991,11149,4784,copied in,Manuscript,Place
10992,11153,4554,copied in,Manuscript,Place
10993,11187,4419,copied in,Manuscript,Place
10994,11207,4787,copied in,Manuscript,Place
10995,11209,4789,copied in,Manuscript,Place
10996,11159,4786,copied in,Manuscript,Place
10997,11228,4790,copied in,Manuscript,Place
10998,11229,4791,copied in,Manuscript,Place
10999,11233,4771,copied in,Manuscript,Place
11000,11253,4398,copied in,Manuscript,Place
11001,11261,4450,copied in,Manuscript,Place
11002,11267,4789,copied in,Manuscript,Place
11003,11278,4428,copied in,Manuscript,Place
11004,11330,4419,copied in,Manuscript,Place
11005,11344,4588,copied in,Manuscript,Place
11006,11348,4410,bought in,Manuscript,Place
11007,11356,4588,copied in,Manuscript,Place
11008,11366,4794,copied in,Manuscript,Place
11009,11370,4419,copied in,Manuscript,Place
11010,11382,4796,copied in,Manuscript,Place
11011,11383,4796,copied in,Manuscript,Place
11012,11384,4796,copied in,Manuscript,Place
11013,11386,4602,copied in,Manuscript,Place
11014,11405,4426,copied in,Manuscript,Place
11015,11429,4422,copied in,Manuscript,Place
11016,11441,4464,copied in,Manuscript,Place
11017,11451,4426,copied in,Manuscript,Place
11018,11461,4797,copied in,Manuscript,Place
11019,11469,4428,copied in,Manuscript,Place
11020,11479,4389,copied in,Manuscript,Place
11021,11479,4703,bought in,Manuscript,Place
11022,11483,4709,copied in,Manuscript,Place
11023,11485,4428,copied in,Manuscript,Place
11024,11489,4398,copied in,Manuscript,Place
11025,11493,4724,copied in,Manuscript,Place
11026,11507,4388,copied in,Manuscript,Place
11027,11509,4383,copied in,Manuscript,Place
11028,11509,4391,copied in,Manuscript,Place
11029,11499,4803,copied in,Manuscript,Place
11030,11514,4554,copied in,Manuscript,Place
11031,11516,4541,copied in,Manuscript,Place
11032,11520,4804,copied in,Manuscript,Place
11033,11531,4805,copied in,Manuscript,Place
11034,11544,4390,copied in,Manuscript,Place
11035,11549,4419,copied in,Manuscript,Place
11036,11551,4383,copied in,Manuscript,Place
11037,11553,4383,copied in,Manuscript,Place
11038,11565,4428,copied in,Manuscript,Place
11039,11566,4766,copied in,Manuscript,Place
11040,11566,4419,copied in,Manuscript,Place
11041,11569,4560,copied in,Manuscript,Place
11042,11571,4413,copied in,Manuscript,Place
11043,11571,4560,copied in,Manuscript,Place
11044,11495,4413,copied in,Manuscript,Place
11045,11495,4560,copied in,Manuscript,Place
11046,11572,4413,copied in,Manuscript,Place
11047,11574,4389,copied in,Manuscript,Place
11048,11575,4419,copied in,Manuscript,Place
11049,11576,4560,copied in,Manuscript,Place
11050,11579,4390,copied in,Manuscript,Place
11051,11587,4462,copied in,Manuscript,Place
11052,11589,4461,copied in,Manuscript,Place
11053,11590,4589,copied in,Manuscript,Place
11054,11593,4426,copied in,Manuscript,Place
11055,11598,4411,copied in,Manuscript,Place
11056,11600,4406,copied in,Manuscript,Place
11057,11600,4449,copied in,Manuscript,Place
11058,11603,4588,copied in,Manuscript,Place
11059,11604,4419,copied in,Manuscript,Place
11060,11605,4398,bought in,Manuscript,Place
11061,11625,4419,copied in,Manuscript,Place
11062,11627,4646,copied in,Manuscript,Place
11063,11627,4428,bought in,Manuscript,Place
11064,11628,4661,copied in,Manuscript,Place
11065,11629,4383,copied in,Manuscript,Place
11066,11629,4391,copied in,Manuscript,Place
11067,11631,4383,copied in,Manuscript,Place
11068,11636,4383,copied in,Manuscript,Place
11069,11637,4383,copied in,Manuscript,Place
11070,11638,4383,copied in,Manuscript,Place
11071,11654,4438,copied in,Manuscript,Place
11072,11656,4383,copied in,Manuscript,Place
11073,11660,4457,copied in,Manuscript,Place
11074,11661,4627,copied in,Manuscript,Place
11075,11668,4383,copied in,Manuscript,Place
11076,11669,4383,copied in,Manuscript,Place
11077,11673,4646,copied in,Manuscript,Place
11078,11674,4873,copied in,Manuscript,Place
11079,11675,4874,copied in,Manuscript,Place
11080,11677,4769,copied in,Manuscript,Place
11081,11678,4383,copied in,Manuscript,Place
11082,11679,4875,copied in,Manuscript,Place
11083,11683,4419,copied in,Manuscript,Place
11084,11685,4560,copied in,Manuscript,Place
11085,11688,4419,copied in,Manuscript,Place
11086,11689,4560,copied in,Manuscript,Place
11087,11690,4646,copied in,Manuscript,Place
11088,11691,4646,copied in,Manuscript,Place
11089,11692,4876,copied in,Manuscript,Place
11090,11696,4560,copied in,Manuscript,Place
11091,11698,4383,copied in,Manuscript,Place
11092,11700,4383,copied in,Manuscript,Place
11093,11708,4383,copied in,Manuscript,Place
11094,11715,4383,copied in,Manuscript,Place
11095,11718,4560,copied in,Manuscript,Place
11096,11721,4419,copied in,Manuscript,Place
11097,11723,4560,copied in,Manuscript,Place
11098,11724,4560,copied in,Manuscript,Place
11099,11726,4588,copied in,Manuscript,Place
11100,11727,4589,copied in,Manuscript,Place
11101,11733,4560,copied in,Manuscript,Place
11102,11735,4560,copied in,Manuscript,Place
11103,11741,4646,copied in,Manuscript,Place
11104,11745,4878,copied in,Manuscript,Place
11105,11747,4646,copied in,Manuscript,Place
11106,11753,4390,copied in,Manuscript,Place
11107,11754,4560,copied in,Manuscript,Place
11108,11769,4388,copied in,Manuscript,Place
11109,11770,4879,copied in,Manuscript,Place
11110,11780,4383,copied in,Manuscript,Place
11111,11783,4560,copied in,Manuscript,Place
11112,11791,4880,copied in,Manuscript,Place
11113,11794,4656,copied in,Manuscript,Place
11114,11800,4615,copied in,Manuscript,Place
11115,11806,4588,copied in,Manuscript,Place
11116,11807,4588,copied in,Manuscript,Place
11117,11808,4881,copied in,Manuscript,Place
11118,11809,4560,copied in,Manuscript,Place
11119,11811,4383,copied in,Manuscript,Place
11120,11838,4882,copied in,Manuscript,Place
11121,11839,4883,copied in,Manuscript,Place
11122,11840,4658,copied in,Manuscript,Place
11123,11841,4884,copied in,Manuscript,Place
11124,11842,4885,copied in,Manuscript,Place
11125,11843,4459,copied in,Manuscript,Place
11126,11844,4886,copied in,Manuscript,Place
11127,11845,4771,copied in,Manuscript,Place
11128,11851,4582,copied in,Manuscript,Place
11129,11852,4887,copied in,Manuscript,Place
11130,11853,4888,copied in,Manuscript,Place
11131,11860,4410,copied in,Manuscript,Place
11132,11863,4805,copied in,Manuscript,Place
11133,11875,4389,copied in,Manuscript,Place
11134,10695,4615,bought in,Manuscript,Place
11135,11479,4656,bought in,Manuscript,Place
11136,11955,4413,copied in,Manuscript,Place
11137,11963,4889,bought in,Manuscript,Place
11138,11983,4464,copied in,Manuscript,Place
11139,12013,4894,copied in,Manuscript,Place
11140,11515,4419,copied in,Manuscript,Place
11141,12023,4897,bought in,Manuscript,Place
11142,12028,4410,copied in,Manuscript,Place
11143,12031,4898,copied in,Manuscript,Place
11144,12032,4404,copied in,Manuscript,Place
11145,12033,4404,copied in,Manuscript,Place
11146,11789,4411,copied in,Manuscript,Place
11147,12034,4899,copied in,Manuscript,Place
11148,11556,4430,copied in,Manuscript,Place
11149,12089,4560,copied in,Manuscript,Place
11150,12090,4649,copied in,Manuscript,Place
11151,12090,4419,copied in,Manuscript,Place
11152,12091,4419,copied in,Manuscript,Place
11153,12094,4900,copied in,Manuscript,Place
11154,12100,4430,copied in,Manuscript,Place
11155,12101,4814,copied in,Manuscript,Place
11156,12118,4737,copied in,Manuscript,Place
11157,12168,4901,copied in,Manuscript,Place
11158,12169,4903,copied in,Manuscript,Place
11159,12170,4904,copied in,Manuscript,Place
11160,12171,4404,copied in,Manuscript,Place
11161,12172,4422,copied in,Manuscript,Place
11162,12173,4422,copied in,Manuscript,Place
11163,12174,4466,copied in,Manuscript,Place
11164,12175,4510,copied in,Manuscript,Place
11165,12176,4581,copied in,Manuscript,Place
11166,12177,4554,copied in,Manuscript,Place
11167,12177,4568,bought in,Manuscript,Place
11168,12178,4905,copied in,Manuscript,Place
11169,12179,4419,copied in,Manuscript,Place
11170,12180,4428,bought in,Manuscript,Place
11171,12209,4419,copied in,Manuscript,Place
11172,12210,4407,copied in,Manuscript,Place
11173,12211,4906,copied in,Manuscript,Place
11174,12212,4907,copied in,Manuscript,Place
11175,12251,4766,copied in,Manuscript,Place
11176,12252,4398,copied in,Manuscript,Place
11177,12253,4911,copied in,Manuscript,Place
11178,12270,4912,copied in,Manuscript,Place
11179,12281,4419,copied in,Manuscript,Place
11180,12286,4505,copied in,Manuscript,Place
11181,12287,4422,copied in,Manuscript,Place
11182,12296,4464,copied in,Manuscript,Place
11183,12297,4913,copied in,Manuscript,Place
11184,12297,4646,bought in,Manuscript,Place
11185,12297,4430,bought in,Manuscript,Place
11186,12301,4560,copied in,Manuscript,Place
11187,12305,4462,copied in,Manuscript,Place
11188,12317,4914,copied in,Manuscript,Place
11189,12320,4416,copied in,Manuscript,Place
11190,12322,4915,copied in,Manuscript,Place
11191,12324,4589,copied in,Manuscript,Place
11192,12325,4916,copied in,Manuscript,Place
11193,12331,4427,copied in,Manuscript,Place
11194,12332,4464,copied in,Manuscript,Place
11195,12341,4419,copied in,Manuscript,Place
11196,12342,4404,copied in,Manuscript,Place
11197,12347,4430,copied in,Manuscript,Place
11198,12347,4917,bought in,Manuscript,Place
11199,12380,4918,copied in,Manuscript,Place
11200,12389,4383,copied in,Manuscript,Place
11201,12390,4477,copied in,Manuscript,Place
11202,12392,4404,copied in,Manuscript,Place
11203,12397,4393,bought in,Manuscript,Place
11204,12400,4430,copied in,Manuscript,Place
11205,12407,4388,copied in,Manuscript,Place
11206,12413,4919,copied in,Manuscript,Place
11207,12414,4404,copied in,Manuscript,Place
11208,12415,4920,copied in,Manuscript,Place
11209,12428,4410,copied in,Manuscript,Place
11210,12438,4464,copied in,Manuscript,Place
11211,12445,4410,copied in,Manuscript,Place
11212,12468,4560,copied in,Manuscript,Place
11213,12471,4593,copied in,Manuscript,Place
11214,12471,4464,copied in,Manuscript,Place
11215,12472,4560,copied in,Manuscript,Place
11216,12476,4419,copied in,Manuscript,Place
11217,12481,4404,copied in,Manuscript,Place
11218,12484,4922,copied in,Manuscript,Place
11219,12490,4404,copied in,Manuscript,Place
11220,12503,4419,copied in,Manuscript,Place
11221,12514,4411,copied in,Manuscript,Place
11222,12517,4923,copied in,Manuscript,Place
11223,12518,4430,copied in,Manuscript,Place
11224,12533,4390,copied in,Manuscript,Place
11225,12547,4924,copied in,Manuscript,Place
11226,12549,4561,copied in,Manuscript,Place
11227,12567,4404,copied in,Manuscript,Place
11228,12577,4667,copied in,Manuscript,Place
11229,12580,4925,copied in,Manuscript,Place
11230,12582,4398,copied in,Manuscript,Place
11231,12584,4404,copied in,Manuscript,Place
11232,12585,4410,copied in,Manuscript,Place
11233,12597,4409,copied in,Manuscript,Place
11234,12604,4926,copied in,Manuscript,Place
11235,12612,4582,copied in,Manuscript,Place
11236,12633,4430,copied in,Manuscript,Place
11237,12636,4927,copied in,Manuscript,Place
11238,12639,4646,copied in,Manuscript,Place
11239,12640,4422,copied in,Manuscript,Place
11240,12649,4419,copied in,Manuscript,Place
11241,12650,4525,copied in,Manuscript,Place
11242,12651,4427,copied in,Manuscript,Place
11243,12653,4457,copied in,Manuscript,Place
11244,12654,4419,copied in,Manuscript,Place
11245,12655,4928,copied in,Manuscript,Place
11246,12656,4422,copied in,Manuscript,Place
11247,12657,4404,copied in,Manuscript,Place
11248,12660,4929,copied in,Manuscript,Place
11249,12666,4464,copied in,Manuscript,Place
11250,12670,4766,copied in,Manuscript,Place
11251,12680,4667,copied in,Manuscript,Place
11252,12683,4426,copied in,Manuscript,Place
11253,12691,4667,copied in,Manuscript,Place
11254,12695,4410,copied in,Manuscript,Place
11255,12713,4430,copied in,Manuscript,Place
13588,10347,7225,contains,Manuscript,Expression
13601,10360,7237,contains,Manuscript,Expression
13657,10385,7293,contains,Manuscript,Expression
13664,10393,7301,contains,Manuscript,Expression
13681,10408,7319,contains,Manuscript,Expression
13685,10412,7323,contains,Manuscript,Expression
13689,10415,7327,contains,Manuscript,Expression
13694,10419,7332,contains,Manuscript,Expression
13698,10424,7337,contains,Manuscript,Expression
13709,10430,7348,contains,Manuscript,Expression
13710,10431,7349,contains,Manuscript,Expression
13711,10432,7350,contains,Manuscript,Expression
13718,10437,7288,contains,Manuscript,Expression
13719,10437,7357,contains,Manuscript,Expression
13720,10437,7358,contains,Manuscript,Expression
13721,10437,7359,contains,Manuscript,Expression
13726,10442,7364,contains,Manuscript,Expression
13728,10444,7366,contains,Manuscript,Expression
13731,10447,7370,contains,Manuscript,Expression
13736,10452,7375,contains,Manuscript,Expression
13743,10432,7382,contains,Manuscript,Expression
13747,10387,7385,contains,Manuscript,Expression
13751,10464,7389,contains,Manuscript,Expression
13754,10467,7392,contains,Manuscript,Expression
13763,10474,7401,contains,Manuscript,Expression
13766,10476,7404,contains,Manuscript,Expression
13781,10486,7419,contains,Manuscript,Expression
13782,10385,7420,contains,Manuscript,Expression
13805,10504,7443,contains,Manuscript,Expression
13806,10505,7444,contains,Manuscript,Expression
13807,10506,7445,contains,Manuscript,Expression
13813,10508,7451,contains,Manuscript,Expression
13814,10509,7452,contains,Manuscript,Expression
13816,10511,7454,contains,Manuscript,Expression
13817,10512,7455,contains,Manuscript,Expression
13828,10523,7466,contains,Manuscript,Expression
13854,10567,7495,contains,Manuscript,Expression
13878,10614,7520,contains,Manuscript,Expression
13887,10622,7529,contains,Manuscript,Expression
13894,10626,7536,contains,Manuscript,Expression
13933,10695,7577,contains,Manuscript,Expression
13944,10707,7589,contains,Manuscript,Expression
13951,10716,7596,contains,Manuscript,Expression
13955,10718,7600,contains,Manuscript,Expression
13970,10733,7615,contains,Manuscript,Expression
13993,10751,7638,contains,Manuscript,Expression
14011,10766,7656,contains,Manuscript,Expression
14130,10831,7776,contains,Manuscript,Expression
14131,10831,7777,contains,Manuscript,Expression
14145,10844,7791,contains,Manuscript,Expression
14155,10852,7799,contains,Manuscript,Expression
14156,10853,7800,contains,Manuscript,Expression
14159,10856,7803,contains,Manuscript,Expression
14173,10870,7817,contains,Manuscript,Expression
14200,10898,7844,contains,Manuscript,Expression
14203,10901,7847,contains,Manuscript,Expression
14230,10928,7874,contains,Manuscript,Expression
14250,10948,7894,contains,Manuscript,Expression
14254,10952,7898,contains,Manuscript,Expression
14255,10953,7899,contains,Manuscript,Expression
14256,10954,7900,contains,Manuscript,Expression
14262,10960,7906,contains,Manuscript,Expression
14263,10961,7907,contains,Manuscript,Expression
14276,10974,7920,contains,Manuscript,Expression
14285,10982,7929,contains,Manuscript,Expression
14289,10986,7933,contains,Manuscript,Expression
14298,10995,7942,contains,Manuscript,Expression
14306,11003,7950,contains,Manuscript,Expression
14318,11015,7962,contains,Manuscript,Expression
14336,11031,7980,contains,Manuscript,Expression
14341,11034,7985,contains,Manuscript,Expression
14347,11038,7991,contains,Manuscript,Expression
14379,11065,8024,contains,Manuscript,Expression
14388,11074,8034,contains,Manuscript,Expression
14391,11077,8037,contains,Manuscript,Expression
14407,11094,8054,contains,Manuscript,Expression
14412,11074,8033,contains,Manuscript,Expression
14417,11103,8063,contains,Manuscript,Expression
14428,11112,8073,contains,Manuscript,Expression
14434,11117,8079,contains,Manuscript,Expression
14453,11136,8099,contains,Manuscript,Expression
14467,11149,8113,contains,Manuscript,Expression
14471,11153,8117,contains,Manuscript,Expression
14477,11159,8123,contains,Manuscript,Expression
14505,11187,8151,contains,Manuscript,Expression
14525,11207,8171,contains,Manuscript,Expression
14527,11209,8173,contains,Manuscript,Expression
14547,11228,8193,contains,Manuscript,Expression
14548,11229,8194,contains,Manuscript,Expression
14552,11233,8198,contains,Manuscript,Expression
14574,11253,8220,contains,Manuscript,Expression
14588,11261,8234,contains,Manuscript,Expression
14595,11267,8241,contains,Manuscript,Expression
14606,11278,8252,contains,Manuscript,Expression
14658,11330,8304,contains,Manuscript,Expression
14672,11344,8318,contains,Manuscript,Expression
14677,11348,8323,contains,Manuscript,Expression
14685,11356,8331,contains,Manuscript,Expression
14695,11366,8341,contains,Manuscript,Expression
14699,11370,8345,contains,Manuscript,Expression
14715,11382,8361,contains,Manuscript,Expression
14716,11383,8362,contains,Manuscript,Expression
14717,11384,8363,contains,Manuscript,Expression
14719,11386,8365,contains,Manuscript,Expression
14739,11405,8385,contains,Manuscript,Expression
14764,11429,8410,contains,Manuscript,Expression
14774,11441,8420,contains,Manuscript,Expression
14785,11451,8431,contains,Manuscript,Expression
14796,11461,8442,contains,Manuscript,Expression
14806,11469,8452,contains,Manuscript,Expression
14818,11479,8464,contains,Manuscript,Expression
14823,11483,8470,contains,Manuscript,Expression
14825,11485,8472,contains,Manuscript,Expression
14830,11489,8477,contains,Manuscript,Expression
14834,11493,8465,contains,Manuscript,Expression
14838,11495,8484,contains,Manuscript,Expression
14843,11499,8489,contains,Manuscript,Expression
14852,11507,8498,contains,Manuscript,Expression
14854,11509,8500,contains,Manuscript,Expression
14855,11509,8500,contains,Manuscript,Expression
14860,11514,8505,contains,Manuscript,Expression
14861,11515,8506,contains,Manuscript,Expression
14862,11516,8507,contains,Manuscript,Expression
14866,11520,8511,contains,Manuscript,Expression
14877,11531,8522,contains,Manuscript,Expression
14891,11516,8536,contains,Manuscript,Expression
14892,11516,8537,contains,Manuscript,Expression
14896,11544,8541,contains,Manuscript,Expression
14901,11549,8546,contains,Manuscript,Expression
14904,11551,8549,contains,Manuscript,Expression
14905,11516,8550,contains,Manuscript,Expression
14907,11553,8552,contains,Manuscript,Expression
14910,11556,8555,contains,Manuscript,Expression
14913,11516,8558,contains,Manuscript,Expression
14918,11516,8563,contains,Manuscript,Expression
14928,11544,8573,contains,Manuscript,Expression
14930,11565,8575,contains,Manuscript,Expression
14932,11566,8577,contains,Manuscript,Expression
14936,11569,8582,contains,Manuscript,Expression
14938,11571,8584,contains,Manuscript,Expression
14939,11572,8585,contains,Manuscript,Expression
14941,11574,8587,contains,Manuscript,Expression
14942,11575,8588,contains,Manuscript,Expression
14943,11576,8589,contains,Manuscript,Expression
14947,11579,8593,contains,Manuscript,Expression
14955,11516,8601,contains,Manuscript,Expression
14984,11544,8630,contains,Manuscript,Expression
14985,11544,8631,contains,Manuscript,Expression
14986,11587,8632,contains,Manuscript,Expression
14988,11589,8634,contains,Manuscript,Expression
14989,11589,8635,contains,Manuscript,Expression
14990,11590,8636,contains,Manuscript,Expression
14993,11593,8639,contains,Manuscript,Expression
15000,11598,8646,contains,Manuscript,Expression
15002,11600,8648,contains,Manuscript,Expression
15004,11590,8650,contains,Manuscript,Expression
15005,11590,8651,contains,Manuscript,Expression
15007,11603,8653,contains,Manuscript,Expression
15008,11604,8654,contains,Manuscript,Expression
15009,11605,8655,contains,Manuscript,Expression
15010,11590,8656,contains,Manuscript,Expression
15037,11625,8683,contains,Manuscript,Expression
15039,11627,8685,contains,Manuscript,Expression
15040,11628,8686,contains,Manuscript,Expression
15041,11629,8687,contains,Manuscript,Expression
15043,11631,8689,contains,Manuscript,Expression
15049,11636,8695,contains,Manuscript,Expression
15050,11636,8696,contains,Manuscript,Expression
15051,11636,8697,contains,Manuscript,Expression
15052,11637,8698,contains,Manuscript,Expression
15053,11638,8699,contains,Manuscript,Expression
15074,11654,8720,contains,Manuscript,Expression
15076,11656,8722,contains,Manuscript,Expression
15080,11660,8726,contains,Manuscript,Expression
15081,11661,8727,contains,Manuscript,Expression
15091,11668,8737,contains,Manuscript,Expression
15092,11669,8738,contains,Manuscript,Expression
15096,11673,8742,contains,Manuscript,Expression
15097,11673,8743,contains,Manuscript,Expression
15098,11673,8744,contains,Manuscript,Expression
15100,11674,8746,contains,Manuscript,Expression
15101,11675,8747,contains,Manuscript,Expression
15103,11677,8749,contains,Manuscript,Expression
15104,11678,8750,contains,Manuscript,Expression
15105,11679,8751,contains,Manuscript,Expression
15110,11683,8756,contains,Manuscript,Expression
15112,11685,8758,contains,Manuscript,Expression
15116,11688,8762,contains,Manuscript,Expression
15117,11688,8763,contains,Manuscript,Expression
15118,11689,8764,contains,Manuscript,Expression
15119,11690,8765,contains,Manuscript,Expression
15120,11691,8766,contains,Manuscript,Expression
15121,11692,8767,contains,Manuscript,Expression
15125,11696,8771,contains,Manuscript,Expression
15127,11698,8773,contains,Manuscript,Expression
15129,11700,8775,contains,Manuscript,Expression
15138,11708,8784,contains,Manuscript,Expression
15145,11715,8791,contains,Manuscript,Expression
15148,11718,8794,contains,Manuscript,Expression
15151,11721,8797,contains,Manuscript,Expression
15153,11723,8799,contains,Manuscript,Expression
15154,11724,8800,contains,Manuscript,Expression
15155,11724,8801,contains,Manuscript,Expression
15156,11724,8802,contains,Manuscript,Expression
15157,11724,8803,contains,Manuscript,Expression
15158,11724,8804,contains,Manuscript,Expression
15159,11724,8805,contains,Manuscript,Expression
15161,11726,8807,contains,Manuscript,Expression
15162,11727,8808,contains,Manuscript,Expression
15168,11733,8814,contains,Manuscript,Expression
15172,11735,8818,contains,Manuscript,Expression
15181,11741,8827,contains,Manuscript,Expression
15187,11745,8833,contains,Manuscript,Expression
15191,11747,8837,contains,Manuscript,Expression
15199,11753,8845,contains,Manuscript,Expression
15200,11754,8846,contains,Manuscript,Expression
15223,11769,8869,contains,Manuscript,Expression
15224,11770,8870,contains,Manuscript,Expression
15240,11780,8886,contains,Manuscript,Expression
15243,11783,8889,contains,Manuscript,Expression
15244,11783,8890,contains,Manuscript,Expression
15245,11783,8891,contains,Manuscript,Expression
15246,11783,8892,contains,Manuscript,Expression
15247,11783,8893,contains,Manuscript,Expression
15253,11789,8899,contains,Manuscript,Expression
15255,11791,8901,contains,Manuscript,Expression
15256,11791,8902,contains,Manuscript,Expression
15259,11794,8905,contains,Manuscript,Expression
15266,11800,8912,contains,Manuscript,Expression
15267,11692,8913,contains,Manuscript,Expression
15274,11806,8921,contains,Manuscript,Expression
15275,11807,8922,contains,Manuscript,Expression
15276,11808,8923,contains,Manuscript,Expression
15277,11809,8924,contains,Manuscript,Expression
15281,11811,8928,contains,Manuscript,Expression
15282,11811,8929,contains,Manuscript,Expression
15314,11838,8961,contains,Manuscript,Expression
15315,11839,8962,contains,Manuscript,Expression
15316,11840,8963,contains,Manuscript,Expression
15317,11841,8964,contains,Manuscript,Expression
15318,11842,8965,contains,Manuscript,Expression
15319,11843,8966,contains,Manuscript,Expression
15320,11844,8967,contains,Manuscript,Expression
15321,11845,8968,contains,Manuscript,Expression
15328,11851,8975,contains,Manuscript,Expression
15329,11852,8976,contains,Manuscript,Expression
15330,11853,8977,contains,Manuscript,Expression
15337,11853,8984,contains,Manuscript,Expression
15338,11860,8986,contains,Manuscript,Expression
15341,11863,8988,contains,Manuscript,Expression
15352,11863,8999,contains,Manuscript,Expression
15358,11863,9005,contains,Manuscript,Expression
15361,11863,9008,contains,Manuscript,Expression
15362,11863,9009,contains,Manuscript,Expression
15363,11875,9010,contains,Manuscript,Expression
15364,11875,9011,contains,Manuscript,Expression
15385,11838,9032,contains,Manuscript,Expression
15447,11808,9094,contains,Manuscript,Expression
15448,11808,9095,contains,Manuscript,Expression
15459,11955,9107,contains,Manuscript,Expression
15468,11963,9116,contains,Manuscript,Expression
15490,11983,9138,contains,Manuscript,Expression
15521,12013,9169,contains,Manuscript,Expression
15533,12023,9181,contains,Manuscript,Expression
15538,12028,9186,contains,Manuscript,Expression
15542,12031,9190,contains,Manuscript,Expression
15543,12032,9191,contains,Manuscript,Expression
15544,12033,9192,contains,Manuscript,Expression
15545,12034,9193,contains,Manuscript,Expression
15641,11769,9289,contains,Manuscript,Expression
15646,11838,9294,contains,Manuscript,Expression
15685,12089,9333,contains,Manuscript,Expression
15686,12089,9334,contains,Manuscript,Expression
15687,12090,9335,contains,Manuscript,Expression
15688,12091,9336,contains,Manuscript,Expression
15702,12094,9350,contains,Manuscript,Expression
15703,12094,9351,contains,Manuscript,Expression
15709,12094,9357,contains,Manuscript,Expression
15710,12094,9358,contains,Manuscript,Expression
15711,12094,9359,contains,Manuscript,Expression
15712,12094,9360,contains,Manuscript,Expression
15713,12100,9361,contains,Manuscript,Expression
15714,12101,9362,contains,Manuscript,Expression
15741,12094,9389,contains,Manuscript,Expression
15746,12094,9394,contains,Manuscript,Expression
15748,12118,9396,contains,Manuscript,Expression
15812,12094,9460,contains,Manuscript,Expression
15822,12168,9470,contains,Manuscript,Expression
15823,12094,9471,contains,Manuscript,Expression
15824,12169,9472,contains,Manuscript,Expression
15825,12170,9473,contains,Manuscript,Expression
15826,12171,9474,contains,Manuscript,Expression
15827,12171,9475,contains,Manuscript,Expression
15828,12172,9476,contains,Manuscript,Expression
15829,12173,9477,contains,Manuscript,Expression
15830,12174,9478,contains,Manuscript,Expression
15831,12175,9479,contains,Manuscript,Expression
15832,12176,9480,contains,Manuscript,Expression
15833,12177,9481,contains,Manuscript,Expression
15834,12178,9482,contains,Manuscript,Expression
15835,12179,9483,contains,Manuscript,Expression
15836,12180,9484,contains,Manuscript,Expression
15848,12173,9496,contains,Manuscript,Expression
15871,12175,9519,contains,Manuscript,Expression
15874,12209,9522,contains,Manuscript,Expression
15875,12210,9523,contains,Manuscript,Expression
15877,12211,9525,contains,Manuscript,Expression
15878,12212,9526,contains,Manuscript,Expression
15879,12212,9527,contains,Manuscript,Expression
15880,12212,9528,contains,Manuscript,Expression
15881,12212,9529,contains,Manuscript,Expression
15959,12101,9607,contains,Manuscript,Expression
15960,11590,9608,contains,Manuscript,Expression
15961,12251,9609,contains,Manuscript,Expression
15962,12252,9610,contains,Manuscript,Expression
15963,12253,9611,contains,Manuscript,Expression
15964,12253,9612,contains,Manuscript,Expression
15965,12253,9613,contains,Manuscript,Expression
15996,12101,9644,contains,Manuscript,Expression
16003,12270,9651,contains,Manuscript,Expression
16004,12253,9652,contains,Manuscript,Expression
16005,12094,9653,contains,Manuscript,Expression
16026,12281,9674,contains,Manuscript,Expression
16027,12281,9675,contains,Manuscript,Expression
16028,12281,9676,contains,Manuscript,Expression
16033,12286,9681,contains,Manuscript,Expression
16034,12287,9682,contains,Manuscript,Expression
16047,12296,9695,contains,Manuscript,Expression
16048,12297,9696,contains,Manuscript,Expression
16052,12301,9700,contains,Manuscript,Expression
16057,12305,9705,contains,Manuscript,Expression
16073,12317,9721,contains,Manuscript,Expression
16076,12320,9724,contains,Manuscript,Expression
16077,12320,9725,contains,Manuscript,Expression
16078,12320,9726,contains,Manuscript,Expression
16080,12322,9728,contains,Manuscript,Expression
16081,12322,9729,contains,Manuscript,Expression
16082,12322,9730,contains,Manuscript,Expression
16083,12322,9731,contains,Manuscript,Expression
16086,12324,9734,contains,Manuscript,Expression
16087,12324,9735,contains,Manuscript,Expression
16088,12324,9736,contains,Manuscript,Expression
16089,12325,9737,contains,Manuscript,Expression
16090,12322,9738,contains,Manuscript,Expression
16094,11590,9742,contains,Manuscript,Expression
16099,11590,9747,contains,Manuscript,Expression
16105,12331,9753,contains,Manuscript,Expression
16106,12332,9754,contains,Manuscript,Expression
16133,12341,9781,contains,Manuscript,Expression
16134,12342,9782,contains,Manuscript,Expression
16145,12322,9793,contains,Manuscript,Expression
16151,12347,9799,contains,Manuscript,Expression
16152,12101,9800,contains,Manuscript,Expression
16153,12101,9801,contains,Manuscript,Expression
16187,12380,9835,contains,Manuscript,Expression
16191,12101,9839,contains,Manuscript,Expression
16198,12389,9846,contains,Manuscript,Expression
16199,12390,9847,contains,Manuscript,Expression
16201,12392,9849,contains,Manuscript,Expression
16204,12101,9852,contains,Manuscript,Expression
16210,12212,9858,contains,Manuscript,Expression
16215,12031,9863,contains,Manuscript,Expression
16216,11692,9864,contains,Manuscript,Expression
16217,11692,9865,contains,Manuscript,Expression
16221,12397,9869,contains,Manuscript,Expression
16231,12400,9879,contains,Manuscript,Expression
16244,12407,9892,contains,Manuscript,Expression
16252,12413,9900,contains,Manuscript,Expression
16253,12414,9901,contains,Manuscript,Expression
16254,12415,9902,contains,Manuscript,Expression
16270,12428,9918,contains,Manuscript,Expression
16283,12438,9931,contains,Manuscript,Expression
16291,12445,9939,contains,Manuscript,Expression
16292,12445,9940,contains,Manuscript,Expression
16293,12445,9941,contains,Manuscript,Expression
16295,12445,9943,contains,Manuscript,Expression
16296,12445,9944,contains,Manuscript,Expression
16297,12445,9945,contains,Manuscript,Expression
16298,12445,9946,contains,Manuscript,Expression
16299,12445,9948,contains,Manuscript,Expression
16300,12445,9949,contains,Manuscript,Expression
16333,12468,9981,contains,Manuscript,Expression
16338,12471,9986,contains,Manuscript,Expression
16339,12472,9987,contains,Manuscript,Expression
16343,12476,9991,contains,Manuscript,Expression
16350,12481,9998,contains,Manuscript,Expression
16351,12484,9999,contains,Manuscript,Expression
16352,12484,10000,contains,Manuscript,Expression
16353,12484,10001,contains,Manuscript,Expression
16361,12490,10009,contains,Manuscript,Expression
16373,12503,10021,contains,Manuscript,Expression
16385,12514,10033,contains,Manuscript,Expression
16388,12517,10036,contains,Manuscript,Expression
16389,12518,10037,contains,Manuscript,Expression
16404,12533,10052,contains,Manuscript,Expression
16405,12533,10053,contains,Manuscript,Expression
16422,12547,10070,contains,Manuscript,Expression
16424,12549,10072,contains,Manuscript,Expression
16456,12567,10104,contains,Manuscript,Expression
16464,12577,10114,contains,Manuscript,Expression
16468,12549,10117,contains,Manuscript,Expression
16469,12580,10118,contains,Manuscript,Expression
16473,12582,10122,contains,Manuscript,Expression
16475,12584,10124,contains,Manuscript,Expression
16476,12585,10125,contains,Manuscript,Expression
16480,12585,10129,contains,Manuscript,Expression
16481,12585,10130,contains,Manuscript,Expression
16482,12585,10131,contains,Manuscript,Expression
16502,12597,10151,contains,Manuscript,Expression
16520,12604,10169,contains,Manuscript,Expression
16530,12612,10180,contains,Manuscript,Expression
16531,12612,10181,contains,Manuscript,Expression
16565,12633,10215,contains,Manuscript,Expression
16570,12636,10220,contains,Manuscript,Expression
16571,12636,10221,contains,Manuscript,Expression
16574,12639,10224,contains,Manuscript,Expression
16576,12640,10226,contains,Manuscript,Expression
16588,12585,10237,contains,Manuscript,Expression
16589,12649,10238,contains,Manuscript,Expression
16590,12650,10239,contains,Manuscript,Expression
16591,12651,10240,contains,Manuscript,Expression
16592,12651,10241,contains,Manuscript,Expression
16594,12653,10243,contains,Manuscript,Expression
16595,12654,10244,contains,Manuscript,Expression
16596,12654,10245,contains,Manuscript,Expression
16597,12654,10246,contains,Manuscript,Expression
16598,12655,10247,contains,Manuscript,Expression
16599,12656,10248,contains,Manuscript,Expression
16600,12657,10249,contains,Manuscript,Expression
16602,12660,10251,contains,Manuscript,Expression
16609,12666,10258,contains,Manuscript,Expression
16611,12585,10260,contains,Manuscript,Expression
16614,12670,10263,contains,Manuscript,Expression
16626,12680,10275,contains,Manuscript,Expression
16634,12683,10283,contains,Manuscript,Expression
16645,12691,10294,contains,Manuscript,Expression
16653,12695,10302,contains,Manuscript,Expression
16685,12713,10334,contains,Manuscript,Expression
16692,7223,5023,a copy of,Expression,Work
16715,7244,5040,a copy of,Expression,Work
16739,7217,5017,a copy of,Expression,Work
16848,7393,5168,a copy of,Expression,Work
16863,7408,5175,a copy of,Expression,Work
16873,7418,5186,a copy of,Expression,Work
16893,7438,5205,a copy of,Expression,Work
16909,7455,5220,a copy of,Expression,Work
16928,7474,5023,a copy of,Expression,Work
16962,7515,5284,a copy of,Expression,Work
16963,7517,5286,a copy of,Expression,Work
16964,7518,5291,a copy of,Expression,Work
17009,7577,5248,a copy of,Expression,Work
17032,7602,5374,a copy of,Expression,Work
17036,7606,5248,a copy of,Expression,Work
17038,7608,5380,a copy of,Expression,Work
17039,7609,5381,a copy of,Expression,Work
17061,7632,5393,a copy of,Expression,Work
17062,7633,5392,a copy of,Expression,Work
17065,7636,5396,a copy of,Expression,Work
17067,7638,5398,a copy of,Expression,Work
17070,7642,5401,a copy of,Expression,Work
17075,7647,5408,a copy of,Expression,Work
17084,7656,5415,a copy of,Expression,Work
17086,7658,5416,a copy of,Expression,Work
17092,7665,5402,a copy of,Expression,Work
17093,7666,5420,a copy of,Expression,Work
17102,7675,5240,a copy of,Expression,Work
17121,7694,5168,a copy of,Expression,Work
17125,7698,5381,a copy of,Expression,Work
17149,7720,5461,a copy of,Expression,Work
17151,7722,5463,a copy of,Expression,Work
17153,7725,5248,a copy of,Expression,Work
17157,7729,5467,a copy of,Expression,Work
17158,7731,5469,a copy of,Expression,Work
17165,7737,5475,a copy of,Expression,Work
17166,7741,5248,a copy of,Expression,Work
17167,7742,5248,a copy of,Expression,Work
17168,7743,5248,a copy of,Expression,Work
17174,7750,5482,a copy of,Expression,Work
17192,7768,5398,a copy of,Expression,Work
17194,7770,5482,a copy of,Expression,Work
17195,7771,5482,a copy of,Expression,Work
17210,7784,5401,a copy of,Expression,Work
17213,7787,5398,a copy of,Expression,Work
17214,7788,5511,a copy of,Expression,Work
17235,7809,5168,a copy of,Expression,Work
17343,7917,5607,a copy of,Expression,Work
17344,7918,5607,a copy of,Expression,Work
17372,7946,5248,a copy of,Expression,Work
17373,7947,5248,a copy of,Expression,Work
17634,8211,5825,a copy of,Expression,Work
17643,8220,5402,a copy of,Expression,Work
17828,8405,5381,a copy of,Expression,Work
17829,8406,5381,a copy of,Expression,Work
17830,8407,5381,a copy of,Expression,Work
17831,8408,5381,a copy of,Expression,Work
17832,8409,5947,a copy of,Expression,Work
17857,8434,5398,a copy of,Expression,Work
17858,8435,5398,a copy of,Expression,Work
17969,8547,6052,a copy of,Expression,Work
18003,8582,5401,a copy of,Expression,Work
18008,8586,5248,a copy of,Expression,Work
18116,8694,5482,a copy of,Expression,Work
18138,8716,5396,a copy of,Expression,Work
18292,8870,5398,a copy of,Expression,Work
18296,8874,5398,a copy of,Expression,Work
18297,8875,5398,a copy of,Expression,Work
18336,8914,5408,a copy of,Expression,Work
18353,8932,5248,a copy of,Expression,Work
18383,8962,5248,a copy of,Expression,Work
18384,8963,5248,a copy of,Expression,Work
18387,8966,5248,a copy of,Expression,Work
18388,8967,5248,a copy of,Expression,Work
18443,9022,6052,a copy of,Expression,Work
18458,9037,5248,a copy of,Expression,Work
18459,9038,5248,a copy of,Expression,Work
18462,9041,5248,a copy of,Expression,Work
18484,9063,5248,a copy of,Expression,Work
18486,9065,5248,a copy of,Expression,Work
18488,9067,5248,a copy of,Expression,Work
18505,9084,5248,a copy of,Expression,Work
18519,9098,5248,a copy of,Expression,Work
18522,9101,5248,a copy of,Expression,Work
18525,9104,5248,a copy of,Expression,Work
18540,9119,5248,a copy of,Expression,Work
18541,9120,5248,a copy of,Expression,Work
18547,9126,5248,a copy of,Expression,Work
18559,9138,5374,a copy of,Expression,Work
18560,9139,5374,a copy of,Expression,Work
18583,9162,6475,a copy of,Expression,Work
18589,9168,5482,a copy of,Expression,Work
18590,9169,5482,a copy of,Expression,Work
18591,9170,5482,a copy of,Expression,Work
18592,9171,5482,a copy of,Expression,Work
18593,9172,5482,a copy of,Expression,Work
18948,9526,6724,a copy of,Expression,Work
18979,9557,5402,a copy of,Expression,Work
18985,9563,5402,a copy of,Expression,Work
19000,9578,5402,a copy of,Expression,Work
19095,9673,5248,a copy of,Expression,Work
19176,9754,5374,a copy of,Expression,Work
19221,9799,6912,a copy of,Expression,Work
19225,9803,5381,a copy of,Expression,Work
19230,9808,6915,a copy of,Expression,Work
19248,9826,5381,a copy of,Expression,Work
19255,9833,5416,a copy of,Expression,Work
19447,10025,5398,a copy of,Expression,Work
19451,10029,5398,a copy of,Expression,Work
19454,10032,5398,a copy of,Expression,Work
19455,10033,5398,a copy of,Expression,Work
19471,10049,5475,a copy of,Expression,Work
19618,10203,5248,a copy of,Expression,Work
19619,10204,5248,a copy of,Expression,Work
19620,10205,5248,a copy of,Expression,Work
19621,10206,5248,a copy of,Expression,Work
19622,10207,5248,a copy of,Expression,Work
19623,10208,5248,a copy of,Expression,Work
19624,10209,5248,a copy of,Expression,Work
19625,10210,5248,a copy of,Expression,Work
19626,10211,5248,a copy of,Expression,Work
19627,10212,5248,a copy of,Expression,Work
19628,10213,5248,a copy of,Expression,Work
19629,10214,5248,a copy of,Expression,Work
19633,10218,5248,a copy of,Expression,Work
19634,10219,5248,a copy of,Expression,Work
21267,10360,12732,contains,Manuscript,ManuscriptPart
21268,10360,12733,contains,Manuscript,ManuscriptPart
21269,10360,12734,contains,Manuscript,ManuscriptPart
21320,10385,12785,contains,Manuscript,ManuscriptPart
21321,10385,12786,contains,Manuscript,ManuscriptPart
21322,10385,12787,contains,Manuscript,ManuscriptPart
21324,10387,12789,contains,Manuscript,ManuscriptPart
21336,10393,12801,contains,Manuscript,ManuscriptPart
21337,10393,12802,contains,Manuscript,ManuscriptPart
21365,10408,12830,contains,Manuscript,ManuscriptPart
21366,10408,12831,contains,Manuscript,ManuscriptPart
21367,10408,12832,contains,Manuscript,ManuscriptPart
21368,10408,12833,contains,Manuscript,ManuscriptPart
21374,10412,12839,contains,Manuscript,ManuscriptPart
21375,10412,12840,contains,Manuscript,ManuscriptPart
21376,10412,12841,contains,Manuscript,ManuscriptPart
21377,10412,12842,contains,Manuscript,ManuscriptPart
21383,10415,12848,contains,Manuscript,ManuscriptPart
21384,10415,12849,contains,Manuscript,ManuscriptPart
21389,10419,12854,contains,Manuscript,ManuscriptPart
21397,10424,12862,contains,Manuscript,ManuscriptPart
21408,10430,12873,contains,Manuscript,ManuscriptPart
21409,10432,12874,contains,Manuscript,ManuscriptPart
21417,10437,12882,contains,Manuscript,ManuscriptPart
21418,10437,12883,contains,Manuscript,ManuscriptPart
21419,10437,12884,contains,Manuscript,ManuscriptPart
21428,10442,12893,contains,Manuscript,ManuscriptPart
21431,10444,12896,contains,Manuscript,ManuscriptPart
21432,10444,12897,contains,Manuscript,ManuscriptPart
21437,10447,12902,contains,Manuscript,ManuscriptPart
21448,10452,12913,contains,Manuscript,ManuscriptPart
21465,10464,12930,contains,Manuscript,ManuscriptPart
21470,10467,12935,contains,Manuscript,ManuscriptPart
21483,10474,12948,contains,Manuscript,ManuscriptPart
21484,10474,12949,contains,Manuscript,ManuscriptPart
21486,10476,12951,contains,Manuscript,ManuscriptPart
21503,10486,12968,contains,Manuscript,ManuscriptPart
21535,10504,13000,contains,Manuscript,ManuscriptPart
21536,10505,13001,contains,Manuscript,ManuscriptPart
21537,10505,13002,contains,Manuscript,ManuscriptPart
21538,10505,13003,contains,Manuscript,ManuscriptPart
21539,10506,13004,contains,Manuscript,ManuscriptPart
21542,10508,13007,contains,Manuscript,ManuscriptPart
21543,10509,13008,contains,Manuscript,ManuscriptPart
21545,10511,13010,contains,Manuscript,ManuscriptPart
21546,10511,13011,contains,Manuscript,ManuscriptPart
21547,10511,13012,contains,Manuscript,ManuscriptPart
21548,10512,13013,contains,Manuscript,ManuscriptPart
21566,10523,13031,contains,Manuscript,ManuscriptPart
21616,10567,13083,contains,Manuscript,ManuscriptPart
21617,10567,13084,contains,Manuscript,ManuscriptPart
21618,10567,13085,contains,Manuscript,ManuscriptPart
21669,10614,13136,contains,Manuscript,ManuscriptPart
21670,10614,13137,contains,Manuscript,ManuscriptPart
21671,10614,13138,contains,Manuscript,ManuscriptPart
21684,10622,13151,contains,Manuscript,ManuscriptPart
21685,10622,13152,contains,Manuscript,ManuscriptPart
21690,10626,13157,contains,Manuscript,ManuscriptPart
21691,10626,13158,contains,Manuscript,ManuscriptPart
21692,10626,13159,contains,Manuscript,ManuscriptPart
21741,10695,13210,contains,Manuscript,ManuscriptPart
21794,10707,13265,contains,Manuscript,ManuscriptPart
21795,10707,13266,contains,Manuscript,ManuscriptPart
21796,10707,13267,contains,Manuscript,ManuscriptPart
21797,10707,13268,contains,Manuscript,ManuscriptPart
21798,10707,13269,contains,Manuscript,ManuscriptPart
21799,10707,13270,contains,Manuscript,ManuscriptPart
21800,10707,13271,contains,Manuscript,ManuscriptPart
21876,10716,13347,contains,Manuscript,ManuscriptPart
21877,10716,13348,contains,Manuscript,ManuscriptPart
21878,10716,13349,contains,Manuscript,ManuscriptPart
21879,10716,13350,contains,Manuscript,ManuscriptPart
21880,10716,13351,contains,Manuscript,ManuscriptPart
21903,10718,13374,contains,Manuscript,ManuscriptPart
21904,10718,13375,contains,Manuscript,ManuscriptPart
21905,10718,13376,contains,Manuscript,ManuscriptPart
21906,10718,13377,contains,Manuscript,ManuscriptPart
21907,10718,13378,contains,Manuscript,ManuscriptPart
21908,10718,13379,contains,Manuscript,ManuscriptPart
21934,10733,13405,contains,Manuscript,ManuscriptPart
21935,10733,13406,contains,Manuscript,ManuscriptPart
21936,10733,13407,contains,Manuscript,ManuscriptPart
21991,10831,13462,contains,Manuscript,ManuscriptPart
22012,10852,13483,contains,Manuscript,ManuscriptPart
22043,10898,13515,contains,Manuscript,ManuscriptPart
22044,10901,13516,contains,Manuscript,ManuscriptPart
22045,10901,13517,contains,Manuscript,ManuscriptPart
22046,10901,13518,contains,Manuscript,ManuscriptPart
22047,10901,13519,contains,Manuscript,ManuscriptPart
22048,10901,13520,contains,Manuscript,ManuscriptPart
22108,10948,13580,contains,Manuscript,ManuscriptPart
22126,10953,13598,contains,Manuscript,ManuscriptPart
22127,10954,13599,contains,Manuscript,ManuscriptPart
22128,10954,13600,contains,Manuscript,ManuscriptPart
22129,10954,13601,contains,Manuscript,ManuscriptPart
22130,10954,13602,contains,Manuscript,ManuscriptPart
22136,10960,13608,contains,Manuscript,ManuscriptPart
22137,10960,13609,contains,Manuscript,ManuscriptPart
22138,10960,13610,contains,Manuscript,ManuscriptPart
22139,10960,13611,contains,Manuscript,ManuscriptPart
22140,10960,13612,contains,Manuscript,ManuscriptPart
22141,10961,13613,contains,Manuscript,ManuscriptPart
22142,10961,13614,contains,Manuscript,ManuscriptPart
22143,10961,13615,contains,Manuscript,ManuscriptPart
22144,10961,13616,contains,Manuscript,ManuscriptPart
22145,10961,13617,contains,Manuscript,ManuscriptPart
22146,10961,13618,contains,Manuscript,ManuscriptPart
22147,10961,13619,contains,Manuscript,ManuscriptPart
22148,10961,13620,contains,Manuscript,ManuscriptPart
22149,10961,13621,contains,Manuscript,ManuscriptPart
22210,10974,13682,contains,Manuscript,ManuscriptPart
22211,10974,13683,contains,Manuscript,ManuscriptPart
22255,10986,13727,contains,Manuscript,ManuscriptPart
22256,10986,13728,contains,Manuscript,ManuscriptPart
22257,10986,13729,contains,Manuscript,ManuscriptPart
22258,10986,13730,contains,Manuscript,ManuscriptPart
22266,10995,13741,contains,Manuscript,ManuscriptPart
22274,11003,13749,contains,Manuscript,ManuscriptPart
22315,11034,13791,contains,Manuscript,ManuscriptPart
22316,11034,13792,contains,Manuscript,ManuscriptPart
22317,11034,13793,contains,Manuscript,ManuscriptPart
22318,11034,13794,contains,Manuscript,ManuscriptPart
22326,11038,13802,contains,Manuscript,ManuscriptPart
22327,11038,13803,contains,Manuscript,ManuscriptPart
22328,11038,13804,contains,Manuscript,ManuscriptPart
22329,11038,13805,contains,Manuscript,ManuscriptPart
22330,11038,13806,contains,Manuscript,ManuscriptPart
22331,11038,13807,contains,Manuscript,ManuscriptPart
22378,11065,13854,contains,Manuscript,ManuscriptPart
22380,11077,13856,contains,Manuscript,ManuscriptPart
22407,11117,13883,contains,Manuscript,ManuscriptPart
22461,11136,13937,contains,Manuscript,ManuscriptPart
22462,11136,13938,contains,Manuscript,ManuscriptPart
22463,11136,13939,contains,Manuscript,ManuscriptPart
22464,11136,13940,contains,Manuscript,ManuscriptPart
22465,11136,13941,contains,Manuscript,ManuscriptPart
22466,11136,13942,contains,Manuscript,ManuscriptPart
22467,11136,13943,contains,Manuscript,ManuscriptPart
22468,11136,13944,contains,Manuscript,ManuscriptPart
22469,11136,13945,contains,Manuscript,ManuscriptPart
22490,11149,13966,contains,Manuscript,ManuscriptPart
22491,11149,13967,contains,Manuscript,ManuscriptPart
22521,11187,13997,contains,Manuscript,ManuscriptPart
22561,11233,14037,contains,Manuscript,ManuscriptPart
22573,11253,14049,contains,Manuscript,ManuscriptPart
22579,11267,14055,contains,Manuscript,ManuscriptPart
22580,11267,14056,contains,Manuscript,ManuscriptPart
22581,11267,14057,contains,Manuscript,ManuscriptPart
22612,11278,14088,contains,Manuscript,ManuscriptPart
22613,11278,14089,contains,Manuscript,ManuscriptPart
22614,11278,14090,contains,Manuscript,ManuscriptPart
22615,11278,14091,contains,Manuscript,ManuscriptPart
22616,11278,14092,contains,Manuscript,ManuscriptPart
22617,11278,14093,contains,Manuscript,ManuscriptPart
22622,10707,14098,contains,Manuscript,ManuscriptPart
22746,11348,14222,contains,Manuscript,ManuscriptPart
22760,11356,14236,contains,Manuscript,ManuscriptPart
22761,11356,14237,contains,Manuscript,ManuscriptPart
22767,11370,14243,contains,Manuscript,ManuscriptPart
22768,11370,14244,contains,Manuscript,ManuscriptPart
22772,11382,14248,contains,Manuscript,ManuscriptPart
22773,11382,14249,contains,Manuscript,ManuscriptPart
22774,11382,14250,contains,Manuscript,ManuscriptPart
22775,11382,14251,contains,Manuscript,ManuscriptPart
22776,11382,14252,contains,Manuscript,ManuscriptPart
22777,11382,14253,contains,Manuscript,ManuscriptPart
22778,11382,14254,contains,Manuscript,ManuscriptPart
22779,11382,14255,contains,Manuscript,ManuscriptPart
22780,11382,14256,contains,Manuscript,ManuscriptPart
22781,11383,14257,contains,Manuscript,ManuscriptPart
22782,11383,14258,contains,Manuscript,ManuscriptPart
22783,11383,14259,contains,Manuscript,ManuscriptPart
22784,11383,14260,contains,Manuscript,ManuscriptPart
22785,11383,14261,contains,Manuscript,ManuscriptPart
22802,11405,14278,contains,Manuscript,ManuscriptPart
22813,11429,14289,contains,Manuscript,ManuscriptPart
22824,11441,14300,contains,Manuscript,ManuscriptPart
22825,11441,14301,contains,Manuscript,ManuscriptPart
22826,11441,14302,contains,Manuscript,ManuscriptPart
22827,11441,14303,contains,Manuscript,ManuscriptPart
22843,11461,14319,contains,Manuscript,ManuscriptPart
22844,11461,14320,contains,Manuscript,ManuscriptPart
22845,11461,14321,contains,Manuscript,ManuscriptPart
22852,11469,14328,contains,Manuscript,ManuscriptPart
22862,11483,14338,contains,Manuscript,ManuscriptPart
22863,11483,14339,contains,Manuscript,ManuscriptPart
22867,11489,14343,contains,Manuscript,ManuscriptPart
22897,11507,14373,contains,Manuscript,ManuscriptPart
22898,11507,14374,contains,Manuscript,ManuscriptPart
22899,11507,14375,contains,Manuscript,ManuscriptPart
22900,11507,14376,contains,Manuscript,ManuscriptPart
22902,11520,14378,contains,Manuscript,ManuscriptPart
22920,11479,14396,contains,Manuscript,ManuscriptPart
22921,11603,14397,contains,Manuscript,ManuscriptPart
22922,11604,14398,contains,Manuscript,ManuscriptPart
22923,11604,14399,contains,Manuscript,ManuscriptPart
22924,11605,14400,contains,Manuscript,ManuscriptPart
22945,11625,14421,contains,Manuscript,ManuscriptPart
22946,11625,14422,contains,Manuscript,ManuscriptPart
22947,11625,14423,contains,Manuscript,ManuscriptPart
22948,11627,14424,contains,Manuscript,ManuscriptPart
22949,11627,14425,contains,Manuscript,ManuscriptPart
22950,11627,14426,contains,Manuscript,ManuscriptPart
22951,11627,14427,contains,Manuscript,ManuscriptPart
22964,11674,14440,contains,Manuscript,ManuscriptPart
22965,11674,14441,contains,Manuscript,ManuscriptPart
22966,11674,14442,contains,Manuscript,ManuscriptPart
22968,11677,14444,contains,Manuscript,ManuscriptPart
22969,11677,14445,contains,Manuscript,ManuscriptPart
22970,11677,14446,contains,Manuscript,ManuscriptPart
22971,11679,14447,contains,Manuscript,ManuscriptPart
22972,11679,14448,contains,Manuscript,ManuscriptPart
22973,11679,14449,contains,Manuscript,ManuscriptPart
22974,11692,14450,contains,Manuscript,ManuscriptPart
22985,11727,14461,contains,Manuscript,ManuscriptPart
22988,11727,14464,contains,Manuscript,ManuscriptPart
22998,11679,14474,contains,Manuscript,ManuscriptPart
23017,11806,14493,contains,Manuscript,ManuscriptPart
23018,11806,14494,contains,Manuscript,ManuscriptPart
23019,11806,14495,contains,Manuscript,ManuscriptPart
23020,11806,14496,contains,Manuscript,ManuscriptPart
23021,11838,14497,contains,Manuscript,ManuscriptPart
23022,11839,14498,contains,Manuscript,ManuscriptPart
23023,11839,14499,contains,Manuscript,ManuscriptPart
23024,11839,14500,contains,Manuscript,ManuscriptPart
23025,11841,14501,contains,Manuscript,ManuscriptPart
23026,11843,14502,contains,Manuscript,ManuscriptPart
23027,11843,14503,contains,Manuscript,ManuscriptPart
23028,11843,14504,contains,Manuscript,ManuscriptPart
23029,11843,14505,contains,Manuscript,ManuscriptPart
23030,11843,14506,contains,Manuscript,ManuscriptPart
23031,11843,14507,contains,Manuscript,ManuscriptPart
23032,11843,14508,contains,Manuscript,ManuscriptPart
23033,11851,14509,contains,Manuscript,ManuscriptPart
23034,11853,14510,contains,Manuscript,ManuscriptPart
23088,11565,14564,contains,Manuscript,ManuscriptPart
23089,11566,14565,contains,Manuscript,ManuscriptPart
23090,11566,14566,contains,Manuscript,ManuscriptPart
23101,11963,14577,contains,Manuscript,ManuscriptPart
23102,11963,14578,contains,Manuscript,ManuscriptPart
23103,11963,14579,contains,Manuscript,ManuscriptPart
23104,11963,14580,contains,Manuscript,ManuscriptPart
23105,11963,14581,contains,Manuscript,ManuscriptPart
23106,11963,14582,contains,Manuscript,ManuscriptPart
23107,11963,14583,contains,Manuscript,ManuscriptPart
23108,11963,14584,contains,Manuscript,ManuscriptPart
23109,11963,14585,contains,Manuscript,ManuscriptPart
23122,11983,14598,contains,Manuscript,ManuscriptPart
23123,11983,14599,contains,Manuscript,ManuscriptPart
23124,11983,14600,contains,Manuscript,ManuscriptPart
23125,11983,14601,contains,Manuscript,ManuscriptPart
23126,11983,14602,contains,Manuscript,ManuscriptPart
23162,12013,14638,contains,Manuscript,ManuscriptPart
23163,12013,14639,contains,Manuscript,ManuscriptPart
23168,11493,14644,contains,Manuscript,ManuscriptPart
23170,11571,14646,contains,Manuscript,ManuscriptPart
23171,11571,14647,contains,Manuscript,ManuscriptPart
23172,11495,14648,contains,Manuscript,ManuscriptPart
23173,11495,14649,contains,Manuscript,ManuscriptPart
23174,11572,14650,contains,Manuscript,ManuscriptPart
23175,11574,14651,contains,Manuscript,ManuscriptPart
23176,11575,14652,contains,Manuscript,ManuscriptPart
23177,11575,14653,contains,Manuscript,ManuscriptPart
23180,11495,14656,contains,Manuscript,ManuscriptPart
23181,11575,14657,contains,Manuscript,ManuscriptPart
23182,11576,14658,contains,Manuscript,ManuscriptPart
23184,11516,14660,contains,Manuscript,ManuscriptPart
23194,11544,14670,contains,Manuscript,ManuscriptPart
23195,11587,14671,contains,Manuscript,ManuscriptPart
23204,11593,14680,contains,Manuscript,ManuscriptPart
23209,11509,14685,contains,Manuscript,ManuscriptPart
23212,11515,14688,contains,Manuscript,ManuscriptPart
23213,11515,14689,contains,Manuscript,ManuscriptPart
23216,11628,14692,contains,Manuscript,ManuscriptPart
23217,11628,14693,contains,Manuscript,ManuscriptPart
23218,11553,14694,contains,Manuscript,ManuscriptPart
23235,12023,14711,contains,Manuscript,ManuscriptPart
23243,11660,14719,contains,Manuscript,ManuscriptPart
23244,11660,14720,contains,Manuscript,ManuscriptPart
23245,11661,14721,contains,Manuscript,ManuscriptPart
23248,11668,14724,contains,Manuscript,ManuscriptPart
23249,11669,14725,contains,Manuscript,ManuscriptPart
23251,11673,14727,contains,Manuscript,ManuscriptPart
23253,11685,14729,contains,Manuscript,ManuscriptPart
23254,11685,14730,contains,Manuscript,ManuscriptPart
23261,12032,14737,contains,Manuscript,ManuscriptPart
23262,12032,14738,contains,Manuscript,ManuscriptPart
23263,12032,14739,contains,Manuscript,ManuscriptPart
23264,12033,14740,contains,Manuscript,ManuscriptPart
23265,11689,14741,contains,Manuscript,ManuscriptPart
23266,11689,14742,contains,Manuscript,ManuscriptPart
23267,11689,14743,contains,Manuscript,ManuscriptPart
23268,11696,14744,contains,Manuscript,ManuscriptPart
23269,11698,14745,contains,Manuscript,ManuscriptPart
23270,11698,14746,contains,Manuscript,ManuscriptPart
23271,11700,14747,contains,Manuscript,ManuscriptPart
23272,11700,14748,contains,Manuscript,ManuscriptPart
23273,11700,14749,contains,Manuscript,ManuscriptPart
23274,11700,14750,contains,Manuscript,ManuscriptPart
23275,11700,14751,contains,Manuscript,ManuscriptPart
23276,11700,14752,contains,Manuscript,ManuscriptPart
23284,11715,14760,contains,Manuscript,ManuscriptPart
23285,11715,14761,contains,Manuscript,ManuscriptPart
23286,11723,14762,contains,Manuscript,ManuscriptPart
23287,11724,14763,contains,Manuscript,ManuscriptPart
23288,11724,14764,contains,Manuscript,ManuscriptPart
23289,11724,14765,contains,Manuscript,ManuscriptPart
23290,11724,14766,contains,Manuscript,ManuscriptPart
23291,11733,14767,contains,Manuscript,ManuscriptPart
23292,11656,14768,contains,Manuscript,ManuscriptPart
23293,11735,14769,contains,Manuscript,ManuscriptPart
23294,11735,14770,contains,Manuscript,ManuscriptPart
23296,11741,14772,contains,Manuscript,ManuscriptPart
23297,11741,14773,contains,Manuscript,ManuscriptPart
23299,11747,14775,contains,Manuscript,ManuscriptPart
23300,11747,14776,contains,Manuscript,ManuscriptPart
23302,11754,14778,contains,Manuscript,ManuscriptPart
23315,11780,14791,contains,Manuscript,ManuscriptPart
23317,11789,14793,contains,Manuscript,ManuscriptPart
23318,11733,14794,contains,Manuscript,ManuscriptPart
23319,11733,14795,contains,Manuscript,ManuscriptPart
23320,11791,14796,contains,Manuscript,ManuscriptPart
23321,11794,14797,contains,Manuscript,ManuscriptPart
23322,11794,14798,contains,Manuscript,ManuscriptPart
23323,11794,14799,contains,Manuscript,ManuscriptPart
23324,11794,14800,contains,Manuscript,ManuscriptPart
23325,11794,14801,contains,Manuscript,ManuscriptPart
23341,11809,14817,contains,Manuscript,ManuscriptPart
23342,11809,14818,contains,Manuscript,ManuscriptPart
23343,11811,14819,contains,Manuscript,ManuscriptPart
23344,11811,14820,contains,Manuscript,ManuscriptPart
23345,11556,14821,contains,Manuscript,ManuscriptPart
23395,11838,14871,contains,Manuscript,ManuscriptPart
23408,12089,14884,contains,Manuscript,ManuscriptPart
23409,12090,14885,contains,Manuscript,ManuscriptPart
23410,12090,14886,contains,Manuscript,ManuscriptPart
23411,12091,14887,contains,Manuscript,ManuscriptPart
23446,12168,14922,contains,Manuscript,ManuscriptPart
23447,12171,14923,contains,Manuscript,ManuscriptPart
23448,12172,14924,contains,Manuscript,ManuscriptPart
23449,12174,14925,contains,Manuscript,ManuscriptPart
23450,12175,14926,contains,Manuscript,ManuscriptPart
23451,12177,14927,contains,Manuscript,ManuscriptPart
23452,12177,14928,contains,Manuscript,ManuscriptPart
23453,12177,14929,contains,Manuscript,ManuscriptPart
23454,12176,14930,contains,Manuscript,ManuscriptPart
23455,12179,14931,contains,Manuscript,ManuscriptPart
23456,12180,14932,contains,Manuscript,ManuscriptPart
23457,12180,14933,contains,Manuscript,ManuscriptPart
23478,12209,14954,contains,Manuscript,ManuscriptPart
23479,12209,14955,contains,Manuscript,ManuscriptPart
23480,12210,14956,contains,Manuscript,ManuscriptPart
23481,12211,14957,contains,Manuscript,ManuscriptPart
23482,12211,14958,contains,Manuscript,ManuscriptPart
23483,12211,14959,contains,Manuscript,ManuscriptPart
23525,11590,15001,contains,Manuscript,ManuscriptPart
23526,12251,15002,contains,Manuscript,ManuscriptPart
23527,12252,15003,contains,Manuscript,ManuscriptPart
23528,12252,15004,contains,Manuscript,ManuscriptPart
23529,12252,15005,contains,Manuscript,ManuscriptPart
23530,12253,15006,contains,Manuscript,ManuscriptPart
23544,12253,15020,contains,Manuscript,ManuscriptPart
23551,12281,15027,contains,Manuscript,ManuscriptPart
23553,12286,15029,contains,Manuscript,ManuscriptPart
23564,12296,15040,contains,Manuscript,ManuscriptPart
23565,12296,15041,contains,Manuscript,ManuscriptPart
23566,12296,15042,contains,Manuscript,ManuscriptPart
23567,12297,15043,contains,Manuscript,ManuscriptPart
23576,12317,15052,contains,Manuscript,ManuscriptPart
23577,12320,15053,contains,Manuscript,ManuscriptPart
23578,12320,15054,contains,Manuscript,ManuscriptPart
23581,12324,15057,contains,Manuscript,ManuscriptPart
23582,12324,15058,contains,Manuscript,ManuscriptPart
23583,12324,15059,contains,Manuscript,ManuscriptPart
23584,12324,15060,contains,Manuscript,ManuscriptPart
23585,12324,15061,contains,Manuscript,ManuscriptPart
23586,12324,15062,contains,Manuscript,ManuscriptPart
23587,12325,15063,contains,Manuscript,ManuscriptPart
23588,12322,15064,contains,Manuscript,ManuscriptPart
23590,11590,15066,contains,Manuscript,ManuscriptPart
23633,12407,15109,contains,Manuscript,ManuscriptPart
23634,12407,15110,contains,Manuscript,ManuscriptPart
23642,12413,15118,contains,Manuscript,ManuscriptPart
23677,12472,15154,contains,Manuscript,ManuscriptPart
23690,12503,15167,contains,Manuscript,ManuscriptPart
23700,12518,15177,contains,Manuscript,ManuscriptPart
23701,12517,15178,contains,Manuscript,ManuscriptPart
23716,12547,15193,contains,Manuscript,ManuscriptPart
23717,12547,15194,contains,Manuscript,ManuscriptPart
23718,12549,15195,contains,Manuscript,ManuscriptPart
23731,12567,15208,contains,Manuscript,ManuscriptPart
23738,12577,15215,contains,Manuscript,ManuscriptPart
23739,12577,15216,contains,Manuscript,ManuscriptPart
23740,12577,15217,contains,Manuscript,ManuscriptPart
23741,12577,15218,contains,Manuscript,ManuscriptPart
23742,12577,15219,contains,Manuscript,ManuscriptPart
23743,12577,15220,contains,Manuscript,ManuscriptPart
23744,12577,15221,contains,Manuscript,ManuscriptPart
23745,12577,15222,contains,Manuscript,ManuscriptPart
23750,12585,15227,contains,Manuscript,ManuscriptPart
23759,12597,15236,contains,Manuscript,ManuscriptPart
23817,12636,15294,contains,Manuscript,ManuscriptPart
23818,12636,15295,contains,Manuscript,ManuscriptPart
23839,12660,15316,contains,Manuscript,ManuscriptPart
23854,12683,15331,contains,Manuscript,ManuscriptPart
23868,12691,15345,contains,Manuscript,ManuscriptPart
23869,12691,15346,contains,Manuscript,ManuscriptPart
23870,12691,15347,contains,Manuscript,ManuscriptPart
23873,12695,15350,contains,Manuscript,ManuscriptPart
23909,12713,15386,contains,Manuscript,ManuscriptPart
25449,4615,13210,place of acquisition,Place,ManuscriptPart
25450,4477,13216,place of acquisition,Place,ManuscriptPart
25451,4383,13236,place of acquisition,Place,ManuscriptPart
25452,4656,13435,place of acquisition,Place,ManuscriptPart
25453,4753,13519,place of acquisition,Place,ManuscriptPart
25454,4798,14320,place of acquisition,Place,ManuscriptPart
25455,4897,14711,place of acquisition,Place,ManuscriptPart
25456,4409,14972,place of acquisition,Place,ManuscriptPart
25457,7653,13229,annotated by,Expression,ManuscriptPart
25458,7654,13230,annotated by,Expression,ManuscriptPart
